{"camera_matrix": [[867.6696664882696, 0.0, 646.2409048309557], [0.0, 868.2319090287638, 370.0590949022906], [0.0, 0.0, 1.0]], "dist_coeff": [[0.13419005139294193, -0.638205160590263, 0.002873736066365118, 0.0005473155137489579, 0.8130815319911837]]}